"Distance","EN.MSFE","R.MSFE","L.MSFE","RF.MSFE","LSTM.MSFE"
-2,7.49126836644707,20.9136337811756,13.6872698769222,36.4225241466868,29.5089800408446
-1,2.11404753936629,7.77731863877233,2.50324376092683,22.40697136405,26.2821285566975
0,2.35447026502831,0.725210009528217,2.44313081186244,14.8223517720988,22.4195674893946
