"Distance","VAR.MSFE"
-2,0.0479518760079758
-1,0.0130466146821903
0,0.00031882994353016
