"Distance","VAR.MSFE"
-2,0.157975035362886
-1,0.0439965238589378
0,0.00859791328311269
