"Distance","VAR.MSFE"
-2,29.6117486495747
-1,8.12027912202011
0,2.96541627438177
