"Distance","VAR.MSFE"
-2,35.2011328519362
-1,12.5771192306972
0,1.97836044409758
