"Distance","VAR.MSFE"
-2,3.22538820641539
-1,1.77475845686733
0,2.28171083693342
