"Distance","VAR.MSFE"
-2,0.0769063568496434
-1,0.0129451148506445
0,0.0151873314310898
