"Distance","VAR.MSFE"
-2,0.0474716302465425
-1,0.0128520848780764
0,0.000381461012277819
