"Distance","VAR.MSFE"
-2,0.167801504475394
-1,0.043237814758283
0,0.000881637834300683
