"Distance","VAR.MSFE"
-2,8.53274050443356
-1,4.46430821859481
0,1.51255518351504
