"Distance","VAR.MSFE"
-2,0.022721196499836
-1,0.00288495706567296
0,0.0031824495609646
