"Distance","VAR.MSFE"
-2,0.0215109404666893
-1,0.00287182058959742
0,0.00326972208959618
