"Distance","VAR.MSFE"
-2,0.0820745442372933
-1,0.0140265275679251
0,0.0153184793193095
